precio,recamaras,banos,estacionamientos,dimensiones,precio_por_mt2,precio_promedio_por_mt2_por_alcaldia,banos_por_habitacion,habitaciones_totales,alcaldia_Azcapotzalco,alcaldia_Benito Juárez,alcaldia_Coyoacán,alcaldia_Cuajimalpa de Morelos,alcaldia_Cuauhtémoc,alcaldia_Gustavo A. Madero,alcaldia_Iztacalco,alcaldia_Iztapalapa,alcaldia_La Magdalena Contreras,alcaldia_Miguel Hidalgo,alcaldia_Tlalpan,alcaldia_Venustiano Carranza,alcaldia_Álvaro Obregón,log_precio
7500000,3,3,2,140,53571.42857142857,46257.198443579764,1.0,6,False,False,False,True,False,False,False,False,False,False,False,False,False,15.830413711839864
9945880,3,3,2,223,44600.358744394616,52611.76470588235,1.0,6,False,True,False,False,False,False,False,False,False,False,False,False,False,16.112669053576358
6565000,2,2,1,67,97985.07462686567,72589.04109589041,1.0,4,False,False,False,False,True,False,False,False,False,False,False,False,False,15.697263218041947
10550000,3,3,3,197,53553.299492385784,50173.010380622836,1.0,6,False,False,False,False,False,False,False,False,False,False,False,False,True,16.171636512673075
14500000,3,4,3,289,50173.010380622836,50173.010380622836,1.3333333333333333,7,False,False,False,False,False,False,False,False,False,False,False,False,True,16.489659276356317
11500000,3,3,3,272,42279.41176470588,75825.49019607843,1.0,6,False,False,False,False,False,False,False,False,False,True,False,False,False,16.257857680289998
7400000,2,2,2,185,40000.0,75825.49019607843,1.0,4,False,False,False,False,False,False,False,False,False,True,False,False,False,15.816990693309524
18500000,3,3,4,446,41479.82062780269,46257.198443579764,1.0,6,False,False,False,True,False,False,False,False,False,False,False,False,False,16.733281344102608
14500000,1,2,2,125,116000.0,72589.04109589041,2.0,3,False,False,False,False,True,False,False,False,False,False,False,False,False,16.489659276356317
16990000,3,2,3,207,82077.29468599033,75825.49019607843,0.6666666666666666,5,False,False,False,False,False,False,False,False,False,True,False,False,False,16.648135552506265
9260000,3,3,2,197,47005.07614213198,52611.76470588235,1.0,6,False,True,False,False,False,False,False,False,False,False,False,False,False,16.041214714613716
16497000,4,4,3,455,36257.142857142855,40000.0,1.0,8,False,False,False,False,False,False,False,False,False,False,True,False,False,16.61868916477514
10599000,3,2,2,230,46082.608695652176,52611.76470588235,0.6666666666666666,5,False,True,False,False,False,False,False,False,False,False,False,False,False,16.17627030935791
20000000,3,1,2,346,57803.46820809248,50173.010380622836,0.3333333333333333,4,False,False,False,False,False,False,False,False,False,False,False,False,True,16.811242881518265
5485000,3,2,2,107,51261.68224299065,52611.76470588235,0.6666666666666666,5,False,True,False,False,False,False,False,False,False,False,False,False,False,15.517527834006856
24000000,4,4,3,321,74766.35514018692,75825.49019607843,1.0,8,False,False,False,False,False,False,False,False,False,True,False,False,False,16.993564429978885
5106915,2,2,1,89,57381.06741573034,52611.76470588235,1.0,4,False,True,False,False,False,False,False,False,False,False,False,False,False,15.44610625748198
21000000,3,3,3,240,87500.0,75825.49019607843,1.0,6,False,False,False,False,False,False,False,False,False,True,False,False,False,16.860033043306743
8000000,2,2,2,112,71428.57142857143,46257.198443579764,1.0,4,False,False,False,True,False,False,False,False,False,False,False,False,False,15.894952224644102
17800000,3,3,3,200,89000.0,75825.49019607843,1.0,6,False,False,False,False,False,False,False,False,False,True,False,False,False,16.694709071442087
20800000,3,3,3,400,52000.0,46257.198443579764,1.0,6,False,False,False,True,False,False,False,False,False,False,False,False,False,16.85046359274847
35000000,3,3,6,420,83333.33333333333,46257.198443579764,1.0,6,False,False,False,True,False,False,False,False,False,False,False,False,False,17.370858648025116
9450000,2,2,2,100,94500.0,72589.04109589041,1.0,4,False,False,False,False,True,False,False,False,False,False,False,False,False,16.061525405290027
6500000,1,1,1,71,91549.2957746479,75825.49019607843,1.0,2,False,False,False,False,False,False,False,False,False,True,False,False,False,15.687312888712007
2400000,1,1,2,28,85714.28571428571,72589.04109589041,1.0,2,False,False,False,False,True,False,False,False,False,False,False,False,False,14.690979711984754
14000000,3,3,3,170,82352.94117647059,75825.49019607843,1.0,6,False,False,False,False,False,False,False,False,False,True,False,False,False,16.454567959008102
6300000,2,2,2,80,78750.0,46257.198443579764,1.0,4,False,False,False,True,False,False,False,False,False,False,False,False,False,15.656060350091908
19000000,3,3,3,360,52777.77777777778,46257.198443579764,1.0,6,False,False,False,True,False,False,False,False,False,False,False,False,False,16.759949589762293
5495000,2,2,2,121,45413.223140495866,50173.010380622836,1.0,4,False,False,False,False,False,False,False,False,False,False,False,False,True,15.519349327803464
9500000,2,2,2,117,81196.5811965812,75825.49019607843,1.0,4,False,False,False,False,False,False,False,False,False,True,False,False,False,16.066802461833923
17900000,4,3,4,410,43658.53658536585,46257.198443579764,0.75,7,False,False,False,True,False,False,False,False,False,False,False,False,False,16.700311326676903
6500000,2,2,2,75,86666.66666666667,72589.04109589041,1.0,4,False,False,False,False,True,False,False,False,False,False,False,False,False,15.687312888712007
7635000,2,2,1,97,78711.34020618557,72589.04109589041,1.0,4,False,False,False,False,True,False,False,False,False,False,False,False,False,15.848253627610632
3300000,2,2,1,67,49253.73134328358,52611.76470588235,1.0,4,False,True,False,False,False,False,False,False,False,False,False,False,False,15.009433329466965
5500000,3,2,3,149,36912.75167785235,36912.75167785235,0.6666666666666666,5,False,False,True,False,False,False,False,False,False,False,False,False,False,15.520258832020865
7229240,2,2,2,118,61264.745762711864,72589.04109589041,1.0,4,False,False,False,False,True,False,False,False,False,False,False,False,False,15.793644609371128
9570000,2,3,2,1000,9570.0,50173.010380622836,1.5,5,False,False,False,False,False,False,False,False,False,False,False,False,True,16.074143867922338
7000000,2,2,2,100,70000.0,75825.49019607843,1.0,4,False,False,False,False,False,False,False,False,False,True,False,False,False,15.76142084987672
5650000,2,2,2,110,51363.63636363636,52611.76470588235,1.0,4,False,True,False,False,False,False,False,False,False,False,False,False,False,15.547166280113759
16500000,3,3,4,370,44594.59459459459,46257.198443579764,1.0,6,False,False,False,True,False,False,False,False,False,False,False,False,False,16.61887099947687
8431000,3,3,2,146,57746.57534246575,52611.76470588235,1.0,6,False,True,False,False,False,False,False,False,False,False,False,False,False,15.947426065514698
13499000,2,2,2,148,91209.45945945945,72589.04109589041,1.0,4,False,False,False,False,True,False,False,False,False,False,False,False,False,16.418126240670524
6160730,3,2,2,99,62229.59595959596,72589.04109589041,0.6666666666666666,5,False,False,False,False,True,False,False,False,False,False,False,False,False,15.633705997300282
4919475,1,1,2,99,49691.666666666664,52611.76470588235,1.0,2,False,True,False,False,False,False,False,False,False,False,False,False,False,15.408712578731489
6000000,2,2,1,93,64516.12903225807,75825.49019607843,1.0,4,False,False,False,False,False,False,False,False,False,True,False,False,False,15.607270193858982
5450000,3,3,2,114,47807.01754385965,36912.75167785235,1.0,6,False,False,True,False,False,False,False,False,False,False,False,False,False,15.511126350125648
6218563,2,2,2,77,80760.55844155845,52611.76470588235,1.0,4,False,True,False,False,False,False,False,False,False,False,False,False,False,15.643049569894002
3901500,2,2,1,84,46446.42857142857,52611.76470588235,1.0,4,False,True,False,False,False,False,False,False,False,False,False,False,False,15.176871908850595
5500000,2,2,2,97,56701.030927835054,52611.76470588235,1.0,4,False,True,False,False,False,False,False,False,False,False,False,False,False,15.520258832020865
3900000,3,2,2,85,45882.35294117647,44782.608695652176,0.6666666666666666,5,True,False,False,False,False,False,False,False,False,False,False,False,False,15.176487367510099
11950000,3,3,3,275,43454.545454545456,46257.198443579764,1.0,6,False,False,False,True,False,False,False,False,False,False,False,False,False,16.2962419200238
7743028,1,1,1,55,140782.32727272727,72589.04109589041,1.0,2,False,False,False,False,True,False,False,False,False,False,False,False,False,15.8623035126802
6407351,2,2,2,83,77197.0,72589.04109589041,1.0,4,False,False,False,False,True,False,False,False,False,False,False,False,False,15.672956639021491
9000000,2,2,2,104,86538.46153846153,72589.04109589041,1.0,4,False,False,False,False,True,False,False,False,False,False,False,False,False,16.012735246411598
4470000,2,2,2,126,35476.19047619047,52611.76470588235,1.0,4,False,True,False,False,False,False,False,False,False,False,False,False,False,15.312899190303373
4850000,2,2,2,69,70289.85507246378,50173.010380622836,1.0,4,False,False,False,False,False,False,False,False,False,False,False,False,True,15.394489469099211
10467135,2,2,1,135,77534.33333333333,72589.04109589041,1.0,4,False,False,False,False,True,False,False,False,False,False,False,False,False,16.163751001969388
3863133,2,2,1,64,60361.453125,52611.76470588235,1.0,4,False,True,False,False,False,False,False,False,False,False,False,False,False,15.16698932911307
4500000,2,2,2,120,37500.0,52611.76470588235,1.0,4,False,True,False,False,False,False,False,False,False,False,False,False,False,15.319588176962746
11200000,3,3,2,240,46666.666666666664,46257.198443579764,1.0,6,False,False,False,True,False,False,False,False,False,False,False,False,False,16.231424425551033
6500000,1,2,2,108,60185.18518518518,52611.76470588235,2.0,3,False,True,False,False,False,False,False,False,False,False,False,False,False,15.687312888712007
3200000,2,2,1,66,48484.84848484849,52611.76470588235,1.0,4,False,True,False,False,False,False,False,False,False,False,False,False,False,14.978661680269907
5250000,2,2,2,70,75000.0,52611.76470588235,1.0,4,False,True,False,False,False,False,False,False,False,False,False,False,False,15.473738825043979
4550000,2,2,2,123,36991.86991869919,52611.76470588235,1.0,4,False,True,False,False,False,False,False,False,False,False,False,False,False,15.330638010707329
7290000,2,2,2,120,60750.0,52611.76470588235,1.0,4,False,True,False,False,False,False,False,False,False,False,False,False,False,15.802014241159043
9850000,3,3,3,273,36080.58608058608,36912.75167785235,1.0,6,False,False,True,False,False,False,False,False,False,False,False,False,False,16.10298211467111
12950000,3,3,2,134,96641.79104477612,72589.04109589041,1.0,6,False,False,False,False,True,False,False,False,False,False,False,False,False,16.376606423329896
17599000,3,3,3,233,75532.18884120171,40000.0,1.0,6,False,False,False,False,False,False,False,False,False,False,True,False,False,16.683352697033758
6900000,2,2,2,96,71875.0,72589.04109589041,1.0,4,False,False,False,False,True,False,False,False,False,False,False,False,False,15.747032114495013
25990000,3,3,3,217,119769.58525345621,75825.49019607843,1.0,6,False,False,False,False,False,False,False,False,False,True,False,False,False,17.07322244509401
10850000,2,2,2,244,44467.2131147541,46257.198443579764,1.0,4,False,False,False,True,False,False,False,False,False,False,False,False,False,16.19967573011664
3601800,1,1,1,60,60030.0,52611.76470588235,1.0,2,False,True,False,False,False,False,False,False,False,False,False,False,False,15.096944556106909
2663099,2,1,1,55,48419.98181818182,44782.608695652176,0.5,3,True,False,False,False,False,False,False,False,False,False,False,False,False,14.79500141572452
6600000,2,2,2,108,61111.11111111111,75825.49019607843,1.0,4,False,False,False,False,False,False,False,False,False,True,False,False,False,15.702580358511794
6980700,3,2,2,168,41551.78571428572,52611.76470588235,0.6666666666666666,5,False,True,False,False,False,False,False,False,False,False,False,False,False,15.758659899495248
28512000,3,3,3,270,105600.0,75825.49019607843,1.0,6,False,False,False,False,False,False,False,False,False,True,False,False,False,17.165835644325625
5450000,2,2,1,108,50462.96296296296,52611.76470588235,1.0,4,False,True,False,False,False,False,False,False,False,False,False,False,False,15.511126350125648
7800000,3,3,2,136,57352.94117647059,52611.76470588235,1.0,6,False,True,False,False,False,False,False,False,False,False,False,False,False,15.86963441986494
4990000,2,2,1,68,73382.35294117648,52611.76470588235,1.0,4,False,True,False,False,False,False,False,False,False,False,False,False,False,15.422946668128484
9850000,3,3,3,275,35818.181818181816,36912.75167785235,1.0,6,False,False,True,False,False,False,False,False,False,False,False,False,False,16.10298211467111
12300000,2,3,2,207,59420.289855072464,75825.49019607843,1.5,5,False,False,False,False,False,False,False,False,False,True,False,False,False,16.325109901643454
6060803,2,2,1,85,71303.56470588235,52611.76470588235,1.0,4,False,True,False,False,False,False,False,False,False,False,False,False,False,15.617353022512505
6637536,3,2,2,112,59263.71428571428,52611.76470588235,0.6666666666666666,5,False,True,False,False,False,False,False,False,False,False,False,False,False,15.708251518904742
4408449,2,2,1,79,55803.15189873418,52611.76470588235,1.0,4,False,True,False,False,False,False,False,False,False,False,False,False,False,15.29903371171869
9991000,2,2,2,183,54595.62841530055,72589.04109589041,1.0,4,False,False,False,False,True,False,False,False,False,False,False,False,False,16.117195345805232
4610500,2,2,2,137,33653.28467153285,52611.76470588235,1.0,4,False,True,False,False,False,False,False,False,False,False,False,False,False,15.343847085857524
8500000,2,2,2,110,77272.72727272728,75825.49019607843,1.0,4,False,False,False,False,False,False,False,False,False,True,False,False,False,15.955576839107596
27900000,3,3,6,414,67391.30434782608,75825.49019607843,1.0,6,False,False,False,False,False,False,False,False,False,True,False,False,False,17.14413728263389
7070000,2,2,2,125,56560.0,52611.76470588235,1.0,4,False,True,False,False,False,False,False,False,False,False,False,False,False,15.77137117931546
15900000,2,2,2,107,148598.13084112148,72589.04109589041,1.0,4,False,False,False,False,True,False,False,False,False,False,False,False,False,16.58182973008354
9156500,3,2,2,193,47443.00518134715,52611.76470588235,0.6666666666666666,5,False,True,False,False,False,False,False,False,False,False,False,False,False,16.02997467677517
11800000,3,3,3,257,45914.396887159535,46257.198443579764,1.0,6,False,False,False,True,False,False,False,False,False,False,False,False,False,16.283610174181653
12800000,2,2,2,238,53781.512605042015,52611.76470588235,1.0,4,False,True,False,False,False,False,False,False,False,False,False,False,False,16.36495580701484
7961000,2,2,2,105,75819.04761904762,75825.49019607843,1.0,4,False,False,False,False,False,False,False,False,False,True,False,False,False,15.890065303683068
13490000,4,3,3,410,32902.439024390245,75825.49019607843,0.75,7,False,False,False,False,False,False,False,False,False,True,False,False,False,16.41745930231292
4916400,2,2,1,100,49164.0,52611.76470588235,1.0,4,False,True,False,False,False,False,False,False,False,False,False,False,False,15.408087316723805
6695000,3,2,3,125,53560.0,52611.76470588235,0.6666666666666666,5,False,True,False,False,False,False,False,False,False,False,False,False,False,15.716871686472597
4433824,2,2,1,70,63340.34285714286,52611.76470588235,1.0,4,False,True,False,False,False,False,False,False,False,False,False,False,False,15.304773200630311
4095000,3,2,2,106,38632.07547169811,46257.198443579764,0.6666666666666666,5,False,False,False,True,False,False,False,False,False,False,False,False,False,15.225277519469522
30800000,3,3,5,650,47384.61538461538,46257.198443579764,1.0,6,False,False,False,True,False,False,False,False,False,False,False,False,False,17.243025280411334
9500000,3,3,1,137,69343.06569343066,72589.04109589041,1.0,6,False,False,False,False,True,False,False,False,False,False,False,False,False,16.066802461833923
14500000,3,3,3,247,58704.45344129555,75825.49019607843,1.0,6,False,False,False,False,False,False,False,False,False,True,False,False,False,16.489659276356317
4100000,2,2,1,1,4100000.0,50173.010380622836,1.0,4,False,False,False,False,False,False,False,False,False,False,False,False,True,15.226497775576945
8406519,2,2,2,82,102518.5243902439,72589.04109589041,1.0,4,False,False,False,False,True,False,False,False,False,False,False,False,False,15.944518153209692
27000000,3,3,3,340,79411.76470588235,50173.010380622836,1.0,6,False,False,False,False,False,False,False,False,False,False,False,False,True,17.11134746100564
7510000,1,1,1,90,83444.44444444444,46257.198443579764,1.0,2,False,False,False,True,False,False,False,False,False,False,False,False,False,15.8317461568961
6100000,2,2,1,93,65591.39784946236,75825.49019607843,1.0,4,False,False,False,False,False,False,False,False,False,True,False,False,False,15.623799493077952
7631420,2,2,2,120,63595.166666666664,52611.76470588235,1.0,4,False,True,False,False,False,False,False,False,False,False,False,False,False,15.847784624452506
8250000,2,2,2,105,78571.42857142857,75825.49019607843,1.0,4,False,False,False,False,False,False,False,False,False,True,False,False,False,15.925723879522977
21000000,3,3,3,350,60000.0,46257.198443579764,1.0,6,False,False,False,True,False,False,False,False,False,False,False,False,False,16.860033043306743
13950000,3,3,3,250,55800.0,75825.49019607843,1.0,6,False,False,False,False,False,False,False,False,False,True,False,False,False,16.450990137916232
5300000,2,2,1,70,75714.28571428571,72589.04109589041,1.0,4,False,False,False,False,True,False,False,False,False,False,False,False,False,15.483217567201578
11800000,3,3,3,316,37341.77215189873,46257.198443579764,1.0,6,False,False,False,True,False,False,False,False,False,False,False,False,False,16.283610174181653
4470000,2,2,1,98,45612.244897959186,52611.76470588235,1.0,4,False,True,False,False,False,False,False,False,False,False,False,False,False,15.312899190303373
14000000,3,3,3,250,56000.0,75825.49019607843,1.0,6,False,False,False,False,False,False,False,False,False,True,False,False,False,16.454567959008102
9073410,2,2,1,178,50974.213483146064,72589.04109589041,1.0,4,False,False,False,False,True,False,False,False,False,False,False,False,False,16.020858826365288
9500000,2,2,2,160,59375.0,72589.04109589041,1.0,4,False,False,False,False,True,False,False,False,False,False,False,False,False,16.066802461833923
6080452,2,2,1,97,62685.072164948455,72589.04109589041,1.0,4,False,False,False,False,True,False,False,False,False,False,False,False,False,15.62058975774582
23000000,3,3,2,429,53613.05361305361,75825.49019607843,1.0,6,False,False,False,False,False,False,False,False,False,True,False,False,False,16.951004817371683
12000000,3,2,2,125,96000.0,75825.49019607843,0.6666666666666666,5,False,False,False,False,False,False,False,False,False,True,False,False,False,16.300417291085605
4200000,2,2,2,160,26250.0,46257.198443579764,1.0,4,False,False,False,True,False,False,False,False,False,False,False,False,False,15.250595321348806
5116100,2,2,1,111,46090.99099099099,52611.76470588235,1.0,4,False,True,False,False,False,False,False,False,False,False,False,False,False,15.447903183471926
4050000,2,2,1,70,57857.142857142855,52611.76470588235,1.0,4,False,True,False,False,False,False,False,False,False,False,False,False,False,15.214227685996272
16500000,3,3,3,382,43193.71727748691,46257.198443579764,1.0,6,False,False,False,True,False,False,False,False,False,False,False,False,False,16.61887099947687
13900000,3,3,3,250,55600.0,75825.49019607843,1.0,6,False,False,False,False,False,False,False,False,False,True,False,False,False,16.447399470043365
33000000,3,3,3,379,87071.2401055409,75825.49019607843,1.0,6,False,False,False,False,False,False,False,False,False,True,False,False,False,17.312018149733785
4880000,2,2,1,71,68732.39436619719,72589.04109589041,1.0,4,False,False,False,False,True,False,False,False,False,False,False,False,False,15.400655982747342
22500000,2,2,2,223,100896.86098654708,75825.49019607843,1.0,4,False,False,False,False,False,False,False,False,False,True,False,False,False,16.929025911619092
16900000,3,3,3,415,40722.89156626506,46257.198443579764,1.0,6,False,False,False,True,False,False,False,False,False,False,False,False,False,16.642824239064897
26900000,3,3,3,340,79117.64705882352,75825.49019607843,1.0,6,False,False,False,False,False,False,False,False,False,True,False,False,False,17.10763688174679
16990000,2,2,2,168,101130.95238095238,75825.49019607843,1.0,4,False,False,False,False,False,False,False,False,False,True,False,False,False,16.648135552506265
21500000,3,2,1,229,93886.46288209606,75825.49019607843,0.6666666666666666,5,False,False,False,False,False,False,False,False,False,True,False,False,False,16.88356353960952
2250000,2,1,1,54,41666.666666666664,41666.666666666664,0.5,3,False,False,False,False,False,False,False,False,False,False,False,True,False,14.626441218624949
3696600,1,1,1,58,63734.48275862069,52611.76470588235,1.0,2,False,True,False,False,False,False,False,False,False,False,False,False,False,15.122924306749535
12500000,3,3,2,181,69060.77348066299,75825.49019607843,1.0,6,False,False,False,False,False,False,False,False,False,True,False,False,False,16.341239282272525
39000000,3,3,3,569,68541.30052724078,46257.198443579764,1.0,6,False,False,False,True,False,False,False,False,False,False,False,False,False,17.479072229734946
4200000,2,1,1,107,39252.33644859813,72589.04109589041,0.5,3,False,False,False,False,True,False,False,False,False,False,False,False,False,15.250595321348806
10400000,2,2,2,140,74285.71428571429,72589.04109589041,1.0,4,False,False,False,False,True,False,False,False,False,False,False,False,False,16.15731646026544
6650000,3,2,2,217,30645.16129032258,50173.010380622836,0.6666666666666666,5,False,False,False,False,False,False,False,False,False,False,False,False,True,15.710127563007966
3577600,2,2,1,68,52611.76470588235,52611.76470588235,1.0,4,False,True,False,False,False,False,False,False,False,False,False,False,False,15.090203022019818
10100000,3,3,2,253,39920.94861660079,46257.198443579764,1.0,6,False,False,False,True,False,False,False,False,False,False,False,False,False,16.128046080821385
9500000,3,3,3,237,40084.38818565401,46257.198443579764,1.0,6,False,False,False,True,False,False,False,False,False,False,False,False,False,16.066802461833923
12500000,3,3,3,284,44014.08450704225,46257.198443579764,1.0,6,False,False,False,True,False,False,False,False,False,False,False,False,False,16.341239282272525
5200000,2,2,1,88,59090.90909090909,75825.49019607843,1.0,4,False,False,False,False,False,False,False,False,False,True,False,False,False,15.46416937585933
5350000,2,2,2,124,43145.16129032258,50173.010380622836,1.0,4,False,False,False,False,False,False,False,False,False,False,False,False,True,15.49260730578806
8000000,3,3,2,136,58823.529411764706,52611.76470588235,1.0,6,False,True,False,False,False,False,False,False,False,False,False,False,False,15.894952224644102
8750000,2,2,2,185,47297.2972972973,52611.76470588235,1.0,4,False,True,False,False,False,False,False,False,False,False,False,False,False,15.984564372619506
7162000,2,2,2,90,79577.77777777778,72589.04109589041,1.0,4,False,False,False,False,True,False,False,False,False,False,False,False,False,15.784299969166309
25000000,3,3,2,222,112612.61261261262,75825.49019607843,1.0,6,False,False,False,False,False,False,False,False,False,True,False,False,False,17.034386422832473
23800000,4,4,4,475,50105.26315789474,46257.198443579764,1.0,8,False,False,False,True,False,False,False,False,False,False,False,False,False,16.98519618065851
6699000,1,1,1,95,70515.78947368421,46257.198443579764,1.0,2,False,False,False,True,False,False,False,False,False,False,False,False,False,15.717468968766404
16500000,3,3,3,400,41250.0,46257.198443579764,1.0,6,False,False,False,True,False,False,False,False,False,False,False,False,False,16.61887099947687
6990000,3,3,3,150,46600.0,46257.198443579764,1.0,6,False,False,False,True,False,False,False,False,False,False,False,False,False,15.7599912572715
3732999,2,2,1,67,55716.40298507463,52611.76470588235,1.0,4,False,True,False,False,False,False,False,False,False,False,False,False,False,15.13272275789672
4356449,2,2,1,59,73838.1186440678,52611.76470588235,1.0,4,False,True,False,False,False,False,False,False,False,False,False,False,False,15.287168063484437
5258180,2,2,1,78,67412.56410256411,72589.04109589041,1.0,4,False,False,False,False,True,False,False,False,False,False,False,False,False,15.475295707414741
4250000,2,2,2,90,47222.22222222222,52611.76470588235,1.0,4,False,True,False,False,False,False,False,False,False,False,False,False,False,15.26242977619469
12000000,3,3,4,292,41095.890410958906,46257.198443579764,1.0,6,False,False,False,True,False,False,False,False,False,False,False,False,False,16.300417291085605
9480000,4,3,1,232,40862.06896551724,52611.76470588235,0.75,7,False,True,False,False,False,False,False,False,False,False,False,False,False,16.064694979716432
6000000,2,2,1,95,63157.89473684211,72589.04109589041,1.0,4,False,False,False,False,True,False,False,False,False,False,False,False,False,15.607270193858982
5100000,1,1,1,70,72857.14285714286,75825.49019607843,1.0,2,False,False,False,False,False,False,False,False,False,True,False,False,False,15.444751293772967
4102000,2,2,2,72,56972.22222222222,52611.76470588235,1.0,4,False,True,False,False,False,False,False,False,False,False,False,False,False,15.226985461397954
8800000,3,4,3,260,33846.153846153844,46257.198443579764,1.3333333333333333,7,False,False,False,True,False,False,False,False,False,False,False,False,False,15.990262393084793
10174930,3,2,2,237,42932.194092827005,52611.76470588235,0.6666666666666666,5,False,True,False,False,False,False,False,False,False,False,False,False,False,16.13543750794316
12500000,3,3,2,182,68681.31868131868,75825.49019607843,1.0,6,False,False,False,False,False,False,False,False,False,True,False,False,False,16.341239282272525
8500000,3,3,1,160,53125.0,52611.76470588235,1.0,6,False,True,False,False,False,False,False,False,False,False,False,False,False,15.955576839107596
6980700,3,2,2,118,59158.47457627119,52611.76470588235,0.6666666666666666,5,False,True,False,False,False,False,False,False,False,False,False,False,False,15.758659899495248
7400000,2,2,2,185,40000.0,75825.49019607843,1.0,4,False,False,False,False,False,False,False,False,False,True,False,False,False,15.816990693309524
4063395,2,1,2,67,60647.68656716418,52611.76470588235,0.5,3,False,True,False,False,False,False,False,False,False,False,False,False,False,15.21752963514786
5485878,2,2,2,82,66900.9512195122,75825.49019607843,1.0,4,False,False,False,False,False,False,False,False,False,True,False,False,False,15.517687894093536
5333860,2,2,1,78,68382.82051282052,72589.04109589041,1.0,4,False,False,False,False,True,False,False,False,False,False,False,False,False,15.489585924141954
15250000,3,4,2,190,80263.15789473684,75825.49019607843,1.3333333333333333,7,False,False,False,False,False,False,False,False,False,True,False,False,False,16.540090126591462
5200000,2,2,1,80,65000.0,72589.04109589041,1.0,4,False,False,False,False,True,False,False,False,False,False,False,False,False,15.46416937585933
8599000,2,2,2,186,46231.18279569892,50173.010380622836,1.0,4,False,False,False,False,False,False,False,False,False,False,False,False,True,15.967156591685619
6405905,2,2,1,130,49276.192307692305,52611.76470588235,1.0,4,False,True,False,False,False,False,False,False,False,False,False,False,False,15.672730935300214
14000000,3,3,3,272,51470.58823529412,46257.198443579764,1.0,6,False,False,False,True,False,False,False,False,False,False,False,False,False,16.454567959008102
20000000,2,2,3,260,76923.07692307692,75825.49019607843,1.0,4,False,False,False,False,False,False,False,False,False,True,False,False,False,16.811242881518265
6500000,1,1,1,70,92857.14285714286,75825.49019607843,1.0,2,False,False,False,False,False,False,False,False,False,True,False,False,False,15.687312888712007
7727594,2,2,1,80,96594.925,72589.04109589041,1.0,4,False,False,False,False,True,False,False,False,False,False,False,False,False,15.860308246668907
4445000,1,1,2,50,88900.0,72589.04109589041,1.0,2,False,False,False,False,True,False,False,False,False,False,False,False,False,15.307290651901996
3850000,2,2,2,97,39690.721649484534,50173.010380622836,1.0,4,False,False,False,False,False,False,False,False,False,False,False,False,True,15.163583966004193
6500000,2,2,2,130,50000.0,36912.75167785235,1.0,4,False,False,True,False,False,False,False,False,False,False,False,False,False,15.687312888712007
14800000,3,2,2,154,96103.8961038961,75825.49019607843,0.6666666666666666,5,False,False,False,False,False,False,False,False,False,True,False,False,False,16.51013780630191
9100000,2,2,2,115,79130.43478260869,75825.49019607843,1.0,4,False,False,False,False,False,False,False,False,False,True,False,False,False,16.02378508137718
19500000,3,2,2,200,97500.0,75825.49019607843,0.6666666666666666,5,False,False,False,False,False,False,False,False,False,True,False,False,False,16.785925074816024
3713000,2,2,1,67,55417.91044776119,52611.76470588235,1.0,4,False,True,False,False,False,False,False,False,False,False,False,False,False,15.127351002483177
11750000,3,3,2,280,41964.28571428572,75825.49019607843,1.0,6,False,False,False,False,False,False,False,False,False,True,False,False,False,16.27936388366082
5700000,2,2,2,78,73076.92307692308,50173.010380622836,1.0,4,False,False,False,False,False,False,False,False,False,False,False,False,True,15.555976908243359
14999000,3,3,3,330,45451.51515151515,46257.198443579764,1.0,6,False,False,False,True,False,False,False,False,False,False,False,False,False,16.523494156848606
8300000,2,2,2,200,41500.0,46257.198443579764,1.0,4,False,False,False,True,False,False,False,False,False,False,False,False,False,15.931766193248746
4900000,2,2,2,122,40163.934426229505,52611.76470588235,1.0,4,False,True,False,False,False,False,False,False,False,False,False,False,False,15.404745967162468
5500000,2,2,2,219,25114.155251141554,46257.198443579764,1.0,4,False,False,False,True,False,False,False,False,False,False,False,False,False,15.520258832020865
5865000,2,2,1,107,54813.08411214953,72589.04109589041,1.0,4,False,False,False,False,True,False,False,False,False,False,False,False,False,15.584513210572682
18000000,3,3,4,300,60000.0,75825.49019607843,1.0,6,False,False,False,False,False,False,False,False,False,True,False,False,False,16.705882371415992
4500000,2,2,2,122,36885.24590163935,52611.76470588235,1.0,4,False,True,False,False,False,False,False,False,False,False,False,False,False,15.319588176962746
21000000,3,3,3,240,87500.0,75825.49019607843,1.0,6,False,False,False,False,False,False,False,False,False,True,False,False,False,16.860033043306743
17600000,3,4,3,438,40182.64840182648,46257.198443579764,1.3333333333333333,7,False,False,False,True,False,False,False,False,False,False,False,False,False,16.68340951682656
26000000,2,3,3,221,117647.05882352941,75825.49019607843,1.5,5,False,False,False,False,False,False,False,False,False,True,False,False,False,17.073607134447293
6401520,3,2,2,98,65321.63265306123,72589.04109589041,0.6666666666666666,5,False,False,False,False,True,False,False,False,False,False,False,False,False,15.672046176344127
12533000,2,1,2,154,81383.11688311688,46257.198443579764,0.5,3,False,False,False,True,False,False,False,False,False,False,False,False,False,16.34387580338301
15700000,2,2,2,170,92352.94117647059,75825.49019607843,1.0,4,False,False,False,False,False,False,False,False,False,True,False,False,False,16.5691713340128
22000000,3,3,2,278,79136.69064748201,75825.49019607843,1.0,6,False,False,False,False,False,False,False,False,False,True,False,False,False,16.906553056777135
19000000,3,3,4,309,61488.67313915858,46257.198443579764,1.0,6,False,False,False,True,False,False,False,False,False,False,False,False,False,16.759949589762293
5976601,2,2,1,102,58594.12745098039,52611.76470588235,1.0,4,False,True,False,False,False,False,False,False,False,False,False,False,False,15.60336273699968
5500000,3,2,2,107,51401.86915887851,52611.76470588235,0.6666666666666666,5,False,True,False,False,False,False,False,False,False,False,False,False,False,15.520258832020865
13490000,4,3,3,410,32902.439024390245,46257.198443579764,0.75,7,False,False,False,True,False,False,False,False,False,False,False,False,False,16.41745930231292
7500000,3,2,2,157,47770.700636942674,52611.76470588235,0.6666666666666666,5,False,True,False,False,False,False,False,False,False,False,False,False,False,15.830413711839864
6550600,3,2,2,158,41459.49367088608,52611.76470588235,0.6666666666666666,5,False,True,False,False,False,False,False,False,False,False,False,False,False,15.695067359127327
4493557,1,1,2,49,91705.24489795919,72589.04109589041,1.0,2,False,False,False,False,True,False,False,False,False,False,False,False,False,15.318155373530367
6500000,1,2,1,83,78313.2530120482,72589.04109589041,2.0,3,False,False,False,False,True,False,False,False,False,False,False,False,False,15.687312888712007
9200000,2,2,2,103,89320.38834951456,75825.49019607843,1.0,4,False,False,False,False,False,False,False,False,False,True,False,False,False,16.034714150714915
9000000,2,2,2,150,60000.0,75825.49019607843,1.0,4,False,False,False,False,False,False,False,False,False,True,False,False,False,16.012735246411598
11700001,3,2,2,147,79591.84353741497,72589.04109589041,0.6666666666666666,5,False,False,False,False,True,False,False,False,False,False,False,False,False,16.27509957070814
3947133,2,2,1,64,61673.953125,52611.76470588235,1.0,4,False,True,False,False,False,False,False,False,False,False,False,False,False,15.18850030390402
6750000,2,2,2,109,61926.605504587154,52611.76470588235,1.0,4,False,True,False,False,False,False,False,False,False,False,False,False,False,15.72505321099685
11900000,3,3,3,300,39666.666666666664,46257.198443579764,1.0,6,False,False,False,True,False,False,False,False,False,False,False,False,False,16.29204904211537
4700000,1,1,1,76,61842.10526315789,52611.76470588235,1.0,2,False,True,False,False,False,False,False,False,False,False,False,False,False,15.363073279446223
3577600,2,2,1,68,52611.76470588235,52611.76470588235,1.0,4,False,True,False,False,False,False,False,False,False,False,False,False,False,15.090203022019818
8820201,2,2,1,97,90929.90721649484,72589.04109589041,1.0,4,False,False,False,False,True,False,False,False,False,False,False,False,False,15.992555330215048
7000000,2,2,4,176,39772.72727272727,75825.49019607843,1.0,4,False,False,False,False,False,False,False,False,False,True,False,False,False,15.76142084987672
11747283,2,2,2,160,73420.51875,72589.04109589041,1.0,4,False,False,False,False,True,False,False,False,False,False,False,False,False,16.27913262289924
14000000,3,3,3,240,58333.333333333336,50173.010380622836,1.0,6,False,False,False,False,False,False,False,False,False,False,False,False,True,16.454567959008102
20990000,3,3,4,420,49976.19047619047,46257.198443579764,1.0,6,False,False,False,True,False,False,False,False,False,False,False,False,False,16.85955673943855
6740000,2,2,2,89,75730.33707865169,75825.49019607843,1.0,4,False,False,False,False,False,False,False,False,False,True,False,False,False,15.72357063125643
5299000,2,1,2,73,72589.04109589041,72589.04109589041,0.5,3,False,False,False,False,True,False,False,False,False,False,False,False,False,15.483028870189733
5100000,2,2,2,100,51000.0,50173.010380622836,1.0,4,False,False,False,False,False,False,False,False,False,False,False,False,True,15.444751293772967
8340000,2,2,1,150,55600.0,52611.76470588235,1.0,4,False,True,False,False,False,False,False,False,False,False,False,False,False,15.936573894238999
4978313,2,2,1,92,54112.09782608696,52611.76470588235,1.0,4,False,True,False,False,False,False,False,False,False,False,False,False,False,15.42060183746155
21870000,3,3,4,375,58320.0,46257.198443579764,1.0,6,False,False,False,True,False,False,False,False,False,False,False,False,False,16.900626438377685
6240878,2,2,1,77,81050.36363636363,52611.76470588235,1.0,4,False,True,False,False,False,False,False,False,False,False,False,False,False,15.646631595809628
8200000,2,2,1,158,51898.73417721519,72589.04109589041,1.0,4,False,False,False,False,True,False,False,False,False,False,False,False,False,15.919644834185693
7127999,2,2,1,138,51652.166666666664,52611.76470588235,1.0,4,False,True,False,False,False,False,False,False,False,False,False,False,False,15.779541248132782
7986201,2,2,3,150,53241.34,72589.04109589041,1.0,4,False,False,False,False,True,False,False,False,False,False,False,False,False,15.893225860550373
15000000,3,3,2,240,62500.0,75825.49019607843,1.0,6,False,False,False,False,False,False,False,False,False,True,False,False,False,16.52356082573315
17500000,3,3,2,340,51470.58823529412,50173.010380622836,1.0,6,False,False,False,False,False,False,False,False,False,False,False,False,True,16.677711496036597
6140000,2,2,2,70,87714.28571428571,52611.76470588235,1.0,4,False,True,False,False,False,False,False,False,False,False,False,False,False,15.63033546298976
5339701,2,2,1,73,73146.5890410959,52611.76470588235,1.0,4,False,True,False,False,False,False,False,False,False,False,False,False,False,15.49068040413576
22500000,3,3,4,350,64285.71428571428,46257.198443579764,1.0,6,False,False,False,True,False,False,False,False,False,False,False,False,False,16.929025911619092
8550000,3,2,2,191,44764.397905759164,52611.76470588235,0.6666666666666666,5,False,True,False,False,False,False,False,False,False,False,False,False,False,15.961441957872001
6850001,2,2,1,105,65238.10476190476,72589.04109589041,1.0,4,False,False,False,False,True,False,False,False,False,False,False,False,False,15.739759502209168
8500000,2,2,2,159,53459.11949685535,52611.76470588235,1.0,4,False,True,False,False,False,False,False,False,False,False,False,False,False,15.955576839107596
6500000,2,2,2,122,53278.688524590165,50173.010380622836,1.0,4,False,False,False,False,False,False,False,False,False,False,False,False,True,15.687312888712007
4800000,3,3,2,120,40000.0,40000.0,1.0,6,False,False,False,False,False,False,False,False,False,False,True,False,False,15.38412668421143
5975000,1,1,1,82,72865.85365853658,46257.198443579764,1.0,2,False,False,False,True,False,False,False,False,False,False,False,False,False,15.60309482314585
9499999,3,3,1,256,37109.37109375,72589.04109589041,1.0,6,False,False,False,False,True,False,False,False,False,False,False,False,False,16.06680235657077
2380000,2,1,1,58,41034.48275862069,40008.76680303916,0.5,3,False,False,False,False,False,False,True,False,False,False,False,False,False,14.682611465815636
5380000,2,2,2,130,41384.61538461538,50173.010380622836,1.0,4,False,False,False,False,False,False,False,False,False,False,False,False,True,15.498199118011556
8550000,2,2,2,120,71250.0,75825.49019607843,1.0,4,False,False,False,False,False,False,False,False,False,True,False,False,False,15.961441957872001
7014900,2,2,2,84,83510.71428571429,75825.49019607843,1.0,4,False,False,False,False,False,False,False,False,False,True,False,False,False,15.763547158803291
4430000,2,2,2,110,40272.72727272727,52611.76470588235,1.0,4,False,True,False,False,False,False,False,False,False,False,False,False,False,15.303910367754927
8750000,2,2,2,163,53680.981595092024,75825.49019607843,1.0,4,False,False,False,False,False,False,False,False,False,True,False,False,False,15.984564372619506
6150827,2,2,2,94,65434.32978723404,75825.49019607843,1.0,4,False,False,False,False,False,False,False,False,False,True,False,False,False,15.63209726486668
19850000,3,3,3,343,57871.720116618075,46257.198443579764,1.0,6,False,False,False,True,False,False,False,False,False,False,False,False,False,16.803714615475307
17500000,4,4,3,234,74786.32478632478,75825.49019607843,1.0,8,False,False,False,False,False,False,False,False,False,True,False,False,False,16.677711496036597
6656315,2,2,1,145,45905.620689655174,52611.76470588235,1.0,4,False,True,False,False,False,False,False,False,False,False,False,False,False,15.711076736317771
18500000,3,3,3,370,50000.0,46257.198443579764,1.0,6,False,False,False,True,False,False,False,False,False,False,False,False,False,16.733281344102608
13500000,2,2,2,223,60538.11659192825,46257.198443579764,1.0,4,False,False,False,True,False,False,False,False,False,False,False,False,False,16.41820031748273
28000000,3,3,2,220,127272.72727272728,75825.49019607843,1.0,6,False,False,False,False,False,False,False,False,False,True,False,False,False,17.147715103853763
10850000,3,2,2,244,44467.2131147541,46257.198443579764,0.6666666666666666,5,False,False,False,True,False,False,False,False,False,False,False,False,False,16.19967573011664
48000000,3,3,3,404,118811.88118811882,75825.49019607843,1.0,6,False,False,False,False,False,False,False,False,False,True,False,False,False,17.6867115897055
8500000,2,2,2,138,61594.20289855073,72589.04109589041,1.0,4,False,False,False,False,True,False,False,False,False,False,False,False,False,15.955576839107596
10600000,2,2,2,154,68831.16883116883,72589.04109589041,1.0,4,False,False,False,False,True,False,False,False,False,False,False,False,False,16.176364653421913
5300000,2,2,2,111,47747.747747747744,50173.010380622836,1.0,4,False,False,False,False,False,False,False,False,False,False,False,False,True,15.483217567201578
10900000,3,2,2,151,72185.43046357617,75825.49019607843,0.6666666666666666,5,False,False,False,False,False,False,False,False,False,True,False,False,False,16.204273438942487
17155250,3,3,2,277,61932.31046931408,52611.76470588235,1.0,6,False,True,False,False,False,False,False,False,False,False,False,False,False,16.657814865470478
30600000,3,3,4,395,77468.35443037975,46257.198443579764,1.0,6,False,False,False,True,False,False,False,False,False,False,False,False,False,17.236510599602347
12500000,3,3,2,181,69060.77348066299,75825.49019607843,1.0,6,False,False,False,False,False,False,False,False,False,True,False,False,False,16.341239282272525
18000000,3,3,3,400,45000.0,75825.49019607843,1.0,6,False,False,False,False,False,False,False,False,False,True,False,False,False,16.705882371415992
3153687,1,1,2,32,98552.71875,72589.04109589041,1.0,2,False,False,False,False,True,False,False,False,False,False,False,False,False,14.964083119608212
28800000,2,2,2,350,82285.71428571429,75825.49019607843,1.0,4,False,False,False,False,False,False,False,False,False,True,False,False,False,17.175885979828397
4640000,2,2,1,83,55903.614457831325,52611.76470588235,1.0,4,False,True,False,False,False,False,False,False,False,False,False,False,False,15.350225139719656
6700000,1,1,1,71,94366.19718309859,75825.49019607843,1.0,2,False,False,False,False,False,False,False,False,False,True,False,False,False,15.717618233614914
5099999,2,2,1,68,74999.98529411765,52611.76470588235,1.0,4,False,True,False,False,False,False,False,False,False,False,False,False,False,15.444751097694555
13500000,3,3,3,226,59734.513274336285,75825.49019607843,1.0,6,False,False,False,False,False,False,False,False,False,True,False,False,False,16.41820031748273
11500000,3,3,3,257,44747.08171206226,46257.198443579764,1.0,6,False,False,False,True,False,False,False,False,False,False,False,False,False,16.257857680289998
4935000,2,2,1,99,49848.48484848485,52611.76470588235,1.0,4,False,True,False,False,False,False,False,False,False,False,False,False,False,15.411863433483944
4681076,1,1,2,47,99597.36170212766,72589.04109589041,1.0,2,False,False,False,False,True,False,False,False,False,False,False,False,False,15.359038769623524
4871100,2,2,2,76,64093.42105263158,50173.010380622836,1.0,4,False,False,False,False,False,False,False,False,False,False,False,False,True,15.398830547535734
14800000,3,2,2,154,96103.8961038961,75825.49019607843,0.6666666666666666,5,False,False,False,False,False,False,False,False,False,True,False,False,False,16.51013780630191
20800000,3,3,3,354,58757.062146892655,75825.49019607843,1.0,6,False,False,False,False,False,False,False,False,False,True,False,False,False,16.85046359274847
5750000,2,2,1,77,74675.32467532468,72589.04109589041,1.0,4,False,False,False,False,True,False,False,False,False,False,False,False,False,15.564710586686562
10960000,3,2,2,222,49369.36936936937,52611.76470588235,0.6666666666666666,5,False,True,False,False,False,False,False,False,False,False,False,False,False,16.209762930725017
4500000,2,2,2,105,42857.142857142855,52611.76470588235,1.0,4,False,True,False,False,False,False,False,False,False,False,False,False,False,15.319588176962746
60000000,2,2,4,325,184615.38461538462,75825.49019607843,1.0,4,False,False,False,False,False,False,False,False,False,True,False,False,False,17.909855136853043
2590000,2,1,1,60,43166.666666666664,52611.76470588235,0.5,3,False,True,False,False,False,False,False,False,False,False,False,False,False,14.767168819776032
3600000,2,2,1,71,50704.22535211268,52611.76470588235,1.0,4,False,True,False,False,False,False,False,False,False,False,False,False,False,15.096444681204078
4890000,2,2,2,79,61898.73417721519,52611.76470588235,1.0,4,False,True,False,False,False,False,False,False,False,False,False,False,False,15.40270306595001
36000000,3,3,2,332,108433.73493975903,75825.49019607843,1.0,6,False,False,False,False,False,False,False,False,False,True,False,False,False,17.399029524198163
11000000,2,3,2,193,56994.81865284974,72589.04109589041,1.5,5,False,False,False,False,True,False,False,False,False,False,False,False,False,16.213405921671733
3990000,2,2,1,76,52500.0,52611.76470588235,1.0,4,False,True,False,False,False,False,False,False,False,False,False,False,False,15.199302039492581
3500000,2,2,2,72,48611.11111111111,50173.010380622836,1.0,4,False,False,False,False,False,False,False,False,False,False,False,False,True,15.068273812173887
7990000,2,2,2,98,81530.61224489796,46257.198443579764,1.0,4,False,False,False,True,False,False,False,False,False,False,False,False,False,15.893701442898895
7490000,2,2,2,200,37450.0,52611.76470588235,1.0,4,False,True,False,False,False,False,False,False,False,False,False,False,False,15.829079489004743
5995000,3,2,1,156,38429.48717948718,52611.76470588235,0.6666666666666666,5,False,True,False,False,False,False,False,False,False,False,False,False,False,15.60643651324941
6040000,2,2,1,74,81621.62162162163,52611.76470588235,1.0,4,False,True,False,False,False,False,False,False,False,False,False,False,False,15.613914735473898
9500000,2,2,2,120,79166.66666666667,75825.49019607843,1.0,4,False,False,False,False,False,False,False,False,False,True,False,False,False,16.066802461833923
3600000,2,2,1,71,50704.22535211268,52611.76470588235,1.0,4,False,True,False,False,False,False,False,False,False,False,False,False,False,15.096444681204078
12900000,2,2,2,154,83766.23376623377,72589.04109589041,1.0,4,False,False,False,False,True,False,False,False,False,False,False,False,False,16.372737946851277
6500000,2,2,2,130,50000.0,50173.010380622836,1.0,4,False,False,False,False,False,False,False,False,False,False,False,False,True,15.687312888712007
4949000,3,2,2,119,41588.23529411765,36912.75167785235,0.6666666666666666,5,False,False,True,False,False,False,False,False,False,False,False,False,False,15.414696295995025
6200000,3,3,2,156,39743.58974358974,52611.76470588235,1.0,6,False,True,False,False,False,False,False,False,False,False,False,False,False,15.64006001130563
4298000,2,1,2,78,55102.5641025641,52611.76470588235,0.5,3,False,True,False,False,False,False,False,False,False,False,False,False,False,15.273660588850921
6000000,1,1,2,37,162162.16216216216,72589.04109589041,1.0,2,False,False,False,False,True,False,False,False,False,False,False,False,False,15.607270193858982
4600000,2,1,1,87,52873.5632183908,75825.49019607843,0.5,3,False,False,False,False,False,False,False,False,False,True,False,False,False,15.341567078850604
14000000,1,1,2,170,82352.94117647059,72589.04109589041,1.0,2,False,False,False,False,True,False,False,False,False,False,False,False,False,16.454567959008102
6300000,3,2,1,129,48837.20930232558,75825.49019607843,0.6666666666666666,5,False,False,False,False,False,False,False,False,False,True,False,False,False,15.656060350091908
5200000,3,2,2,136,38235.294117647056,52611.76470588235,0.6666666666666666,5,False,True,False,False,False,False,False,False,False,False,False,False,False,15.46416937585933
5400095,2,2,2,83,65061.385542168675,75825.49019607843,1.0,4,False,False,False,False,False,False,False,False,False,True,False,False,False,15.501927289154258
4800000,3,2,2,116,41379.31034482759,44782.608695652176,0.6666666666666666,5,True,False,False,False,False,False,False,False,False,False,False,False,False,15.38412668421143
8500000,2,2,2,110,77272.72727272728,75825.49019607843,1.0,4,False,False,False,False,False,False,False,False,False,True,False,False,False,15.955576839107596
9140000,2,2,2,104,87884.61538461539,72589.04109589041,1.0,4,False,False,False,False,True,False,False,False,False,False,False,False,False,16.028171052839518
15260000,2,2,2,159,95974.8427672956,75825.49019607843,1.0,4,False,False,False,False,False,False,False,False,False,True,False,False,False,16.540745649351383
1675000,2,1,2,53,31603.77358490566,72589.04109589041,0.5,3,False,False,False,False,True,False,False,False,False,False,False,False,False,14.331324320256051
3300000,2,2,1,69,47826.086956521736,52611.76470588235,1.0,4,False,True,False,False,False,False,False,False,False,False,False,False,False,15.009433329466965
4650000,3,2,1,136,34191.17647058824,52611.76470588235,0.6666666666666666,5,False,True,False,False,False,False,False,False,False,False,False,False,False,15.35237799261728
6850000,3,3,2,165,41515.15151515151,50173.010380622836,1.0,6,False,False,False,False,False,False,False,False,False,False,False,False,True,15.739759356223798
5500000,3,2,2,173,31791.907514450868,31791.907514450868,0.6666666666666666,5,False,False,False,False,False,False,False,False,True,False,False,False,False,15.520258832020865
3577000,2,2,1,69,51840.57971014493,52611.76470588235,1.0,4,False,True,False,False,False,False,False,False,False,False,False,False,False,15.090035297804995
4100000,2,2,1,70,58571.42857142857,52611.76470588235,1.0,4,False,True,False,False,False,False,False,False,False,False,False,False,False,15.226497775576945
4700000,2,2,2,96,48958.333333333336,75825.49019607843,1.0,4,False,False,False,False,False,False,False,False,False,True,False,False,False,15.363073279446223
5990000,3,3,2,105,57047.619047619046,50173.010380622836,1.0,6,False,False,False,False,False,False,False,False,False,False,False,False,True,15.605602137036527
6780000,2,2,2,91,74505.4945054945,75825.49019607843,1.0,4,False,False,False,False,False,False,False,False,False,True,False,False,False,15.729487807409193
13000000,3,3,3,310,41935.48387096774,46257.198443579764,1.0,6,False,False,False,True,False,False,False,False,False,False,False,False,False,16.380459992348886
3947133,2,2,1,64,61673.953125,52611.76470588235,1.0,4,False,True,False,False,False,False,False,False,False,False,False,False,False,15.18850030390402
5450000,2,2,2,119,45798.31932773109,31791.907514450868,1.0,4,False,False,False,False,False,False,False,False,True,False,False,False,False,15.511126350125648
8700000,2,2,2,118,73728.81355932204,75825.49019607843,1.0,4,False,False,False,False,False,False,False,False,False,True,False,False,False,15.978833698567334
6313280,3,2,2,98,64421.22448979592,72589.04109589041,0.6666666666666666,5,False,False,False,False,True,False,False,False,False,False,False,False,False,15.658166067684999
11350000,3,3,4,386,29404.145077720208,50173.010380622836,1.0,6,False,False,False,False,False,False,False,False,False,False,False,False,True,16.24472838999741
3449000,2,2,1,69,49985.50724637681,52611.76470588235,1.0,4,False,True,False,False,False,False,False,False,False,False,False,False,False,15.053595181858048
4495000,2,2,2,78,57628.205128205125,52611.76470588235,1.0,4,False,True,False,False,False,False,False,False,False,False,False,False,False,15.318476448357243
14797000,3,3,3,307,48198.69706840391,46257.198443579764,1.0,6,False,False,False,True,False,False,False,False,False,False,False,False,False,16.509935083065937
10500000,3,3,2,140,75000.0,75825.49019607843,1.0,6,False,False,False,False,False,False,False,False,False,True,False,False,False,16.166885910365842
6200000,1,1,1,70,88571.42857142857,75825.49019607843,1.0,2,False,False,False,False,False,False,False,False,False,True,False,False,False,15.64006001130563
2390000,2,1,1,69,34637.68115942029,50173.010380622836,0.5,3,False,False,False,False,False,False,False,False,False,False,False,False,True,14.686804342317648
6910500,2,2,2,132,52352.27272727273,52611.76470588235,1.0,4,False,True,False,False,False,False,False,False,False,False,False,False,False,15.748552696733537
5529240,2,2,2,78,70887.69230769231,52611.76470588235,1.0,4,False,True,False,False,False,False,False,False,False,False,False,False,False,15.52556111272245
9950000,3,3,2,223,44618.83408071749,52611.76470588235,1.0,6,False,True,False,False,False,False,False,False,False,False,False,False,False,16.11308320963728
7618000,2,2,2,143,53272.72727272727,52611.76470588235,1.0,4,False,True,False,False,False,False,False,False,False,False,False,False,False,15.846024557288727
44000000,3,3,4,457,96280.0875273523,46257.198443579764,1.0,6,False,False,False,True,False,False,False,False,False,False,False,False,False,17.599700214609808
6293000,2,2,1,67,93925.37313432836,72589.04109589041,1.0,4,False,False,False,False,True,False,False,False,False,False,False,False,False,15.65494862141578
2750000,2,1,1,65,42307.692307692305,52611.76470588235,0.5,3,False,True,False,False,False,False,False,False,False,False,False,False,False,14.827111833279051
10190000,3,3,3,300,33966.666666666664,52611.76470588235,1.0,6,False,True,False,False,False,False,False,False,False,False,False,False,False,16.13691750333433
7856150,2,2,2,143,54938.11188811189,52611.76470588235,1.0,4,False,True,False,False,False,False,False,False,False,False,False,False,False,15.876807349809315
21000000,3,3,4,420,50000.0,75825.49019607843,1.0,6,False,False,False,False,False,False,False,False,False,True,False,False,False,16.860033043306743
14500000,3,4,3,289,50173.010380622836,50173.010380622836,1.3333333333333333,7,False,False,False,False,False,False,False,False,False,False,False,False,True,16.489659276356317
2350000,2,1,1,87,27011.494252873563,50173.010380622836,0.5,3,False,False,False,False,False,False,False,False,False,False,False,False,True,14.669926311652166
11700000,3,3,2,195,60000.0,50173.010380622836,1.0,6,False,False,False,False,False,False,False,False,False,False,False,False,True,16.275099485238066
5890000,1,1,1,60,98166.66666666667,75825.49019607843,1.0,2,False,False,False,False,False,False,False,False,False,True,False,False,False,15.588766725407043
6826885,3,3,2,107,63802.66355140187,50173.010380622836,1.0,6,False,False,False,False,False,False,False,False,False,False,False,False,True,15.7363791978576
3355000,1,1,1,103,32572.81553398058,46257.198443579764,1.0,2,False,False,False,True,False,False,False,False,False,False,False,False,False,15.025962626450468
3200000,3,2,2,80,40000.0,50173.010380622836,0.6666666666666666,5,False,False,False,False,False,False,False,False,False,False,False,False,True,14.978661680269907
1750000,2,1,2,62,28225.8064516129,50173.010380622836,0.5,3,False,False,False,False,False,False,False,False,False,False,False,False,True,14.375126917328105
5795000,1,1,2,97,59742.26804123711,52611.76470588235,1.0,2,False,True,False,False,False,False,False,False,False,False,False,False,False,15.572506207318527
4990000,2,2,1,160,31187.5,52611.76470588235,1.0,4,False,True,False,False,False,False,False,False,False,False,False,False,False,15.422946668128484
5900000,2,2,2,75,78666.66666666667,52611.76470588235,1.0,4,False,True,False,False,False,False,False,False,False,False,False,False,False,15.59046307836746
1350000,2,1,1,62,21774.1935483871,21774.1935483871,0.5,3,False,False,False,False,False,False,False,True,False,False,False,False,False,14.115615891155079
5800000,2,2,1,80,72500.0,75825.49019607843,1.0,4,False,False,False,False,False,False,False,False,False,True,False,False,False,15.573368647930426
6500000,1,1,1,70,92857.14285714286,75825.49019607843,1.0,2,False,False,False,False,False,False,False,False,False,True,False,False,False,15.687312888712007
8355300,2,2,2,101,82725.74257425743,72589.04109589041,1.0,4,False,False,False,False,True,False,False,False,False,False,False,False,False,15.938406745694236
8720000,4,4,3,340,25647.058823529413,36912.75167785235,1.0,8,False,False,True,False,False,False,False,False,False,False,False,False,False,15.981129910564055
7129000,2,2,1,213,33469.48356807512,72589.04109589041,1.0,4,False,False,False,False,True,False,False,False,False,False,False,False,False,15.779681670371884
5200000,2,2,2,103,50485.436893203885,52611.76470588235,1.0,4,False,True,False,False,False,False,False,False,False,False,False,False,False,15.46416937585933
3122120,2,2,1,86,36303.72093023256,46257.198443579764,1.0,4,False,False,False,True,False,False,False,False,False,False,False,False,False,14.954023136513392
49900000,3,3,3,356,140168.5393258427,75825.49019607843,1.0,6,False,False,False,False,False,False,False,False,False,True,False,False,False,17.725531580761828
5900000,2,2,2,112,52678.57142857143,50173.010380622836,1.0,4,False,False,False,False,False,False,False,False,False,False,False,False,True,15.59046307836746
5850000,1,1,1,88,66477.27272727272,75825.49019607843,1.0,2,False,False,False,False,False,False,False,False,False,True,False,False,False,15.581952390148196
21500000,3,3,3,240,89583.33333333333,75825.49019607843,1.0,6,False,False,False,False,False,False,False,False,False,True,False,False,False,16.88356353960952
20502990,3,2,2,324,63280.833333333336,72589.04109589041,0.6666666666666666,5,False,False,False,False,True,False,False,False,False,False,False,False,False,16.836081335904936
6200000,1,1,1,70,88571.42857142857,75825.49019607843,1.0,2,False,False,False,False,False,False,False,False,False,True,False,False,False,15.64006001130563
26500000,3,3,4,416,63701.92307692308,46257.198443579764,1.0,6,False,False,False,True,False,False,False,False,False,False,False,False,False,17.0926553286923
14500000,3,3,3,170,85294.11764705883,75825.49019607843,1.0,6,False,False,False,False,False,False,False,False,False,True,False,False,False,16.489659276356317
6800000,1,2,2,82,82926.82926829268,46257.198443579764,2.0,3,False,False,False,True,False,False,False,False,False,False,False,False,False,15.732433317205148
15500000,3,3,3,321,48286.604361370715,46257.198443579764,1.0,6,False,False,False,True,False,False,False,False,False,False,False,False,False,16.5563506464056
11000000,4,3,2,350,31428.571428571428,46257.198443579764,0.75,7,False,False,False,True,False,False,False,False,False,False,False,False,False,16.213405921671733
3385000,2,1,2,37,91486.48648648648,72589.04109589041,0.5,3,False,False,False,False,True,False,False,False,False,False,False,False,False,15.034864759749444
4550000,2,2,2,138,32971.014492753624,52611.76470588235,1.0,4,False,True,False,False,False,False,False,False,False,False,False,False,False,15.330638010707329
3500000,2,2,2,75,46666.666666666664,50173.010380622836,1.0,4,False,False,False,False,False,False,False,False,False,False,False,False,True,15.068273812173887
3890000,3,2,2,103,37766.99029126213,52611.76470588235,0.6666666666666666,5,False,True,False,False,False,False,False,False,False,False,False,False,False,15.173919972664004
5720000,2,2,1,114,50175.43859649123,52611.76470588235,1.0,4,False,True,False,False,False,False,False,False,False,False,False,False,False,15.55947953818114
12474283,2,2,2,154,81001.83766233767,72589.04109589041,1.0,4,False,False,False,False,True,False,False,False,False,False,False,False,False,16.339179803165134
10056700,2,2,1,135,74494.07407407407,72589.04109589041,1.0,4,False,False,False,False,True,False,False,False,False,False,False,False,False,16.123749736448712
19500000,3,3,3,240,81250.0,75825.49019607843,1.0,6,False,False,False,False,False,False,False,False,False,True,False,False,False,16.785925074816024
5399900,2,2,1,76,71051.31578947368,72589.04109589041,1.0,4,False,False,False,False,True,False,False,False,False,False,False,False,False,15.501891178033112
17700000,3,3,3,275,64363.63636363636,46257.198443579764,1.0,6,False,False,False,True,False,False,False,False,False,False,False,False,False,16.68907525404123
7000000,3,2,1,137,51094.890510948906,72589.04109589041,0.6666666666666666,5,False,False,False,False,True,False,False,False,False,False,False,False,False,15.76142084987672
25000000,3,3,4,395,63291.13924050633,46257.198443579764,1.0,6,False,False,False,True,False,False,False,False,False,False,False,False,False,17.034386422832473
6890000,2,2,2,155,44451.6129032258,72589.04109589041,1.0,4,False,False,False,False,True,False,False,False,False,False,False,False,False,15.745581788127712
35000000,3,3,3,437,80091.53318077803,75825.49019607843,1.0,6,False,False,False,False,False,False,False,False,False,True,False,False,False,17.370858648025116
39000000,3,3,5,400,97500.0,75825.49019607843,1.0,6,False,False,False,False,False,False,False,False,False,True,False,False,False,17.479072229734946
7500000,2,2,2,174,43103.44827586207,50173.010380622836,1.0,4,False,False,False,False,False,False,False,False,False,False,False,False,True,15.830413711839864
4916400,2,2,1,100,49164.0,52611.76470588235,1.0,4,False,True,False,False,False,False,False,False,False,False,False,False,False,15.408087316723805
5500000,2,15,1,111,49549.54954954955,52611.76470588235,7.5,17,False,True,False,False,False,False,False,False,False,False,False,False,False,15.520258832020865
4700000,2,2,2,71,66197.18309859154,50173.010380622836,1.0,4,False,False,False,False,False,False,False,False,False,False,False,False,True,15.363073279446223
2500000,1,1,1,35,71428.57142857143,50173.010380622836,1.0,2,False,False,False,False,False,False,False,False,False,False,False,False,True,14.731801689838349
7500000,2,2,2,104,72115.38461538461,72589.04109589041,1.0,4,False,False,False,False,True,False,False,False,False,False,False,False,False,15.830413711839864
2000000,3,1,1,64,31250.0,44782.608695652176,0.3333333333333333,4,True,False,False,False,False,False,False,False,False,False,False,False,False,14.508658238524095
9000000,2,2,2,105,85714.28571428571,72589.04109589041,1.0,4,False,False,False,False,True,False,False,False,False,False,False,False,False,16.012735246411598
11400000,3,3,3,257,44357.976653696496,46257.198443579764,1.0,6,False,False,False,True,False,False,False,False,False,False,False,False,False,16.249124001084017
15000000,3,3,2,240,62500.0,75825.49019607843,1.0,6,False,False,False,False,False,False,False,False,False,True,False,False,False,16.52356082573315
33500000,3,3,4,410,81707.31707317074,46257.198443579764,1.0,6,False,False,False,True,False,False,False,False,False,False,False,False,False,17.32705602664604
6750000,2,2,2,100,67500.0,72589.04109589041,1.0,4,False,False,False,False,True,False,False,False,False,False,False,False,False,15.72505321099685
6700000,2,2,2,90,74444.44444444444,72589.04109589041,1.0,4,False,False,False,False,True,False,False,False,False,False,False,False,False,15.717618233614914
4500000,3,2,2,127,35433.07086614173,46257.198443579764,0.6666666666666666,5,False,False,False,True,False,False,False,False,False,False,False,False,False,15.319588176962746
9854000,3,2,2,184,53554.34782608696,52611.76470588235,0.6666666666666666,5,False,True,False,False,False,False,False,False,False,False,False,False,False,16.103388123567672
4290000,2,1,1,103,41650.48543689321,72589.04109589041,0.5,3,False,False,False,False,True,False,False,False,False,False,False,False,False,15.271797524004405
4380000,2,2,2,77,56883.11688311688,52611.76470588235,1.0,4,False,True,False,False,False,False,False,False,False,False,False,False,False,15.292559510663105
6690000,3,1,1,111,60270.27027027027,72589.04109589041,0.3333333333333333,4,False,False,False,False,True,False,False,False,False,False,False,False,False,15.716124581581232
7300000,2,2,3,138,52898.55072463768,50173.010380622836,1.0,4,False,False,False,False,False,False,False,False,False,False,False,False,True,15.803385043104912
4750000,2,2,2,130,36538.46153846154,50173.010380622836,1.0,4,False,False,False,False,False,False,False,False,False,False,False,False,True,15.373655386537118
3887033,1,1,1,61,63721.852459016394,52611.76470588235,1.0,2,False,True,False,False,False,False,False,False,False,False,False,False,False,15.173156956901842
8600000,3,3,3,285,30175.43859649123,46257.198443579764,1.0,6,False,False,False,True,False,False,False,False,False,False,False,False,False,15.967272877502799
5246550,2,2,1,80,65581.875,72589.04109589041,1.0,4,False,False,False,False,True,False,False,False,False,False,False,False,False,15.473081466299082
5700000,3,2,1,137,41605.83941605839,52611.76470588235,0.6666666666666666,5,False,True,False,False,False,False,False,False,False,False,False,False,False,15.555976908243359
17000000,3,3,4,230,73913.04347826086,50173.010380622836,1.0,6,False,False,False,False,False,False,False,False,False,False,False,False,True,16.648723960844016
4250000,2,2,2,160,26562.5,50173.010380622836,1.0,4,False,False,False,False,False,False,False,False,False,False,False,False,True,15.26242977619469
29500000,16,2,2,850,34705.882352941175,50173.010380622836,0.125,18,False,False,False,False,False,False,False,False,False,False,False,False,True,17.19990085520835
6500000,1,1,1,83,78313.2530120482,75825.49019607843,1.0,2,False,False,False,False,False,False,False,False,False,True,False,False,False,15.687312888712007
19500000,3,3,3,220,88636.36363636363,75825.49019607843,1.0,6,False,False,False,False,False,False,False,False,False,True,False,False,False,16.785925074816024
3090000,2,1,1,85,36352.94117647059,40000.0,0.5,3,False,False,False,False,False,False,False,False,False,False,True,False,False,14.94368197249847
6800000,3,2,2,100,68000.0,52611.76470588235,0.6666666666666666,5,False,True,False,False,False,False,False,False,False,False,False,False,False,15.732433317205148
4000000,2,2,2,96,41666.666666666664,52611.76470588235,1.0,4,False,True,False,False,False,False,False,False,False,False,False,False,False,15.201805169084134
3450000,1,1,2,35,98571.42857142857,72589.04109589041,1.0,2,False,False,False,False,True,False,False,False,False,False,False,False,False,15.053885078862573
3919020,1,2,1,66,59379.09090909091,52611.76470588235,2.0,3,False,True,False,False,False,False,False,False,False,False,False,False,False,15.181352435677235
3350000,2,2,2,63,53174.60317460317,52611.76470588235,1.0,4,False,True,False,False,False,False,False,False,False,False,False,False,False,15.024471202308668
6500000,1,1,1,65,100000.0,75825.49019607843,1.0,2,False,False,False,False,False,False,False,False,False,True,False,False,False,15.687312888712007
5400000,3,2,2,110,49090.90909090909,52611.76470588235,0.6666666666666666,5,False,True,False,False,False,False,False,False,False,False,False,False,False,15.501909696719672
6670000,3,2,1,136,49044.117647058825,52611.76470588235,0.6666666666666666,5,False,True,False,False,False,False,False,False,False,False,False,False,False,15.713130567816833
5000000,2,2,2,90,55555.555555555555,52611.76470588235,1.0,4,False,True,False,False,False,False,False,False,False,False,False,False,False,15.424948670398354
7129071,2,2,1,203,35118.576354679804,72589.04109589041,1.0,4,False,False,False,False,True,False,False,False,False,False,False,False,False,15.779691629641976
2060000,2,1,2,46,44782.608695652176,44782.608695652176,0.5,3,True,False,False,False,False,False,False,False,False,False,False,False,False,14.53821702620254
7129069,2,2,1,203,35118.56650246305,72589.04109589041,1.0,4,False,False,False,False,True,False,False,False,False,False,False,False,False,15.779691349100514
15500001,3,3,3,345,44927.53913043478,75825.49019607843,1.0,6,False,False,False,False,False,False,False,False,False,True,False,False,False,16.556350710921723
15000000,3,3,4,305,49180.32786885246,75825.49019607843,1.0,6,False,False,False,False,False,False,False,False,False,True,False,False,False,16.52356082573315
7030000,2,2,2,88,79886.36363636363,75825.49019607843,1.0,4,False,False,False,False,False,False,False,False,False,True,False,False,False,15.765697406034349
6611797,2,2,2,117,56511.08547008547,52611.76470588235,1.0,4,False,True,False,False,False,False,False,False,False,False,False,False,False,15.704366186942158
8833700,3,3,2,157,56265.6050955414,52611.76470588235,1.0,6,False,True,False,False,False,False,False,False,False,False,False,False,False,15.994084624063651
2211808,2,1,1,51,43368.78431372549,43368.78431372549,0.5,3,False,False,False,False,False,True,False,False,False,False,False,False,False,14.609321290699121
17000000,3,3,3,360,47222.22222222222,50173.010380622836,1.0,6,False,False,False,False,False,False,False,False,False,False,False,False,True,16.648723960844016
4982000,1,1,2,66,75484.84848484848,72589.04109589041,1.0,2,False,False,False,False,True,False,False,False,False,False,False,False,False,15.421342175526844
13800000,3,2,2,215,64186.04651162791,40000.0,0.6666666666666666,5,False,False,False,False,False,False,False,False,False,False,True,False,False,16.440179222591198
7500000,3,3,1,211,35545.02369668247,52611.76470588235,1.0,6,False,True,False,False,False,False,False,False,False,False,False,False,False,15.830413711839864
5200000,2,2,1,96,54166.666666666664,52611.76470588235,1.0,4,False,True,False,False,False,False,False,False,False,False,False,False,False,15.46416937585933
6500000,2,2,2,97,67010.30927835051,75825.49019607843,1.0,4,False,False,False,False,False,False,False,False,False,True,False,False,False,15.687312888712007
8500000,2,2,2,115,73913.04347826086,75825.49019607843,1.0,4,False,False,False,False,False,False,False,False,False,True,False,False,False,15.955576839107596
8500000,2,2,2,115,73913.04347826086,75825.49019607843,1.0,4,False,False,False,False,False,False,False,False,False,True,False,False,False,15.955576839107596
6000000,2,2,2,72,83333.33333333333,75825.49019607843,1.0,4,False,False,False,False,False,False,False,False,False,True,False,False,False,15.607270193858982
5240000,1,1,1,66,79393.93939393939,52611.76470588235,1.0,2,False,True,False,False,False,False,False,False,False,False,False,False,False,15.471832247136902
5379730,2,2,1,79,68097.84810126582,72589.04109589041,1.0,4,False,False,False,False,True,False,False,False,False,False,False,False,False,15.498148930887925
5631000,2,1,1,99,56878.78787878788,52611.76470588235,0.5,3,False,True,False,False,False,False,False,False,False,False,False,False,False,15.54379778182509
5900000,2,1,1,115,51304.34782608696,75825.49019607843,0.5,3,False,False,False,False,False,False,False,False,False,True,False,False,False,15.59046307836746
5700000,3,3,2,122,46721.311475409835,52611.76470588235,1.0,6,False,True,False,False,False,False,False,False,False,False,False,False,False,15.555976908243359
7734200,2,2,2,102,75825.49019607843,75825.49019607843,1.0,4,False,False,False,False,False,False,False,False,False,True,False,False,False,15.861162739950535
8900000,2,2,2,108,82407.4074074074,75825.49019607843,1.0,4,False,False,False,False,False,False,False,False,False,True,False,False,False,16.001561947061912
4150000,2,1,2,84,49404.76190476191,75825.49019607843,0.5,3,False,False,False,False,False,False,False,False,False,True,False,False,False,15.238619133170708
5013900,2,2,1,76,65972.36842105263,52611.76470588235,1.0,4,False,True,False,False,False,False,False,False,False,False,False,False,False,15.427724812790649
4800000,3,3,2,94,51063.82978723404,50173.010380622836,1.0,6,False,False,False,False,False,False,False,False,False,False,False,False,True,15.38412668421143
2330000,2,1,2,57,40877.19298245614,52611.76470588235,0.5,3,False,True,False,False,False,False,False,False,False,False,False,False,False,14.66137925472634
4444800,1,1,1,64,69450.0,72589.04109589041,1.0,2,False,False,False,False,True,False,False,False,False,False,False,False,False,15.307245656524138
2300000,2,1,2,59,38983.05084745763,40008.76680303916,0.5,3,False,False,False,False,False,False,True,False,False,False,False,False,False,14.648420115681892
4700000,2,2,2,96,48958.333333333336,46257.198443579764,1.0,4,False,False,False,True,False,False,False,False,False,False,False,False,False,15.363073279446223
9600000,2,2,1,121,79338.84297520661,72589.04109589041,1.0,4,False,False,False,False,True,False,False,False,False,False,False,False,False,16.077273760604726
6949999,3,2,3,114,60964.90350877193,72589.04109589041,0.6666666666666666,5,False,False,False,False,True,False,False,False,False,False,False,False,False,15.754252217540975
6800000,3,2,2,126,53968.25396825397,52611.76470588235,0.6666666666666666,5,False,True,False,False,False,False,False,False,False,False,False,False,False,15.732433317205148
7000000,2,2,2,136,51470.58823529412,50173.010380622836,1.0,4,False,False,False,False,False,False,False,False,False,False,False,False,True,15.76142084987672
15800000,2,3,2,186,84946.23655913978,75825.49019607843,1.5,5,False,False,False,False,False,False,False,False,False,True,False,False,False,16.575520561288332
8200000,2,2,2,195,42051.282051282054,52611.76470588235,1.0,4,False,True,False,False,False,False,False,False,False,False,False,False,False,15.919644834185693
5520000,3,3,1,178,31011.23595505618,52611.76470588235,1.0,6,False,True,False,False,False,False,False,False,False,False,False,False,False,15.523888599412683
2100000,2,2,2,75,28000.0,31791.907514450868,1.0,4,False,False,False,False,False,False,False,False,True,False,False,False,False,14.557448378884015
8500000,3,3,2,149,57046.97986577181,52611.76470588235,1.0,6,False,True,False,False,False,False,False,False,False,False,False,False,False,15.955576839107596
7350000,2,2,2,120,61250.0,52611.76470588235,1.0,4,False,True,False,False,False,False,False,False,False,False,False,False,False,15.810211007243431
11200000,3,3,2,220,50909.09090909091,50173.010380622836,1.0,6,False,False,False,False,False,False,False,False,False,False,False,False,True,16.231424425551033
22000000,3,3,3,251,87649.40239043825,75825.49019607843,1.0,6,False,False,False,False,False,False,False,False,False,True,False,False,False,16.906553056777135
9800000,2,2,2,137,71532.84671532847,75825.49019607843,1.0,4,False,False,False,False,False,False,False,False,False,True,False,False,False,16.097893045681612
10433300,3,2,2,198,52693.43434343435,52611.76470588235,0.6666666666666666,5,False,True,False,False,False,False,False,False,False,False,False,False,False,16.160513267795935
43000000,3,3,5,538,79925.65055762081,75825.49019607843,1.0,6,False,False,False,False,False,False,False,False,False,True,False,False,False,17.57671069691365
11500000,10,3,3,325,35384.61538461538,46257.198443579764,0.3,13,False,False,False,True,False,False,False,False,False,False,False,False,False,16.257857680289998
6440000,2,2,2,103,62524.271844660194,52611.76470588235,1.0,4,False,True,False,False,False,False,False,False,False,False,False,False,False,15.678039253360028
15230000,3,3,3,203,75024.63054187193,52611.76470588235,1.0,6,False,True,False,False,False,False,False,False,False,False,False,False,False,16.538777790531224
3000000,2,1,1,77,38961.03896103896,52611.76470588235,0.5,3,False,True,False,False,False,False,False,False,False,False,False,False,False,14.914123179965662
4914000,2,2,2,145,33889.65517241379,52611.76470588235,1.0,4,False,True,False,False,False,False,False,False,False,False,False,False,False,15.407599035563445
6100000,3,4,2,165,36969.69696969697,50173.010380622836,1.3333333333333333,7,False,False,False,False,False,False,False,False,False,False,False,False,True,15.623799493077952
22500000,2,2,2,175,128571.42857142857,75825.49019607843,1.0,4,False,False,False,False,False,False,False,False,False,True,False,False,False,16.929025911619092
5525000,3,2,2,107,51635.51401869159,52611.76470588235,0.6666666666666666,5,False,True,False,False,False,False,False,False,False,False,False,False,False,15.52479398636355
8750000,2,2,1,190,46052.63157894737,52611.76470588235,1.0,4,False,True,False,False,False,False,False,False,False,False,False,False,False,15.984564372619506
5270000,3,2,2,107,49252.33644859813,52611.76470588235,0.6666666666666666,5,False,True,False,False,False,False,False,False,False,False,False,False,False,15.477541110270847
6200000,2,2,2,98,63265.30612244898,75825.49019607843,1.0,4,False,False,False,False,False,False,False,False,False,True,False,False,False,15.64006001130563
6800000,2,2,2,109,62385.321100917434,75825.49019607843,1.0,4,False,False,False,False,False,False,False,False,False,True,False,False,False,15.732433317205148
15500000,3,3,3,370,41891.89189189189,46257.198443579764,1.0,6,False,False,False,True,False,False,False,False,False,False,False,False,False,16.5563506464056
6900000,5,3,2,200,34500.0,75825.49019607843,0.6,8,False,False,False,False,False,False,False,False,False,True,False,False,False,15.747032114495013
13600000,3,3,4,380,35789.47368421053,46257.198443579764,1.0,6,False,False,False,True,False,False,False,False,False,False,False,False,False,16.42558042423569
4100000,2,1,2,80,51250.0,72589.04109589041,0.5,3,False,False,False,False,True,False,False,False,False,False,False,False,False,15.226497775576945
